{
  "U0": 278,
  "h0": 0,
  "alpha0": 5.7,
  "theta0": 0,
  "g": 32.17,
  "body": {
    "X": {
      "u": -0.0108,
      "w": 0.106,
      "q": 0,
      "delta_e": 0.971,
      "delta_th": 0.57e-4
    },
    "Y": {
     "v": -0.0997,
     "beta": -27.8,
     "p": 0,
     "r": 0
    },
    "Z": {
      "u": -0.150,
      "w": -0.613,
      "q": -7.58,
      "delta_e": -9.73,
      "delta_th": -0.249e-5
    },
    "Ystar": {
     "delta_a": 0,
     "delta_r": 0.0182
    },
    "Lprime": {
      "beta": -1.63,
      "p": -1.10,
      "r": 0.198,
      "delta_a": 0.318,
      "delta_r": 0.110
    },
    "M": {
      "u": 0.000181,
      "w": -0.00193,
      "wdot": -0.00024,
      "q": -0.437,
      "delta_e": -0.574,
      "delta_th": 0.310e-5
    },
    "Nprime": {
      "beta": 0.247,
      "p": -0.125,
      "r": -0.229,
      "delta_a": 0.0300,
      "delta_r": -0.223
    },
    "I": {
      "x": 0.142e8,
      "z": 0.454e8,
      "xz": 870050
    }
  }
}
